index,id,caused_delay_time,replication,scenario,number_of_vehicles
0,437,53709.693374705195,1,3,1436
1,198,53368.10977403415,6,3,1419
2,144,53287.05498910802,10,3,1412
