id,caused_delay_time,replication,scenario,number_of_vehicles
904,41921.107591689324,2,1,622.0
982,25361.282197430348,6,1,701.0
