index,id,caused_delay_time,replication,scenario,number_of_vehicles
0,2029,143.75195235068406,1,3,10.0
1,902,129.89839732800073,1,3,9.0
2,990,243.5176264506664,1,3,8.0
0,2189,167.09357143988967,2,3,10.0
1,824,136.42376402448897,2,3,9.0
2,844,139.34266644672013,2,3,9.0
3,938,498.1859379855313,2,3,8.0
4,1092,96.1599714001556,2,3,6.0
5,1096,88.34177687489021,2,3,6.0
