index,id,caused_delay_time,replication,scenario,number_of_vehicles
0,904,43093.268923241776,3,2,647.0
0,904,45180.538150873865,8,2,661.0
1,982,24659.183626705995,8,2,655.0
