index,id,caused_delay_time,replication,scenario,number_of_vehicles
0,904,45046.189856932404,7,1,677.0
0,904,43536.23056228794,4,1,656.0
0,904,45488.35982385647,6,1,667.0
0,904,42158.181014772614,10,1,621.0
