id,caused_delay_time,replication,scenario,number_of_vehicles
904,46589.70569171925,3,2,683.0
982,24052.30329112984,6,2,641.0
904,44473.87911958274,7,2,659.0
