index,id,caused_delay_time,replication,scenario,number_of_vehicles
0,838,539.1960952464102,1,3,23.0
0,902,540.9744193503976,1,3,23.0
0,1008,570.2662917089801,1,3,22.0
0,2702,931.2872816000165,2,3,34.0
0,962,966.252473797824,2,3,33.0
0,1076,884.6152482959524,2,3,30.0
0,1106,798.1031744301853,2,3,27.0
0,1184,794.7737840305068,2,3,26.0
0,838,541.1960952464102,1,3,23.0
